,name,url
0,,/watch/nw5157849?news_ref=top_large
1,「ここのお水が好きなのニャ」　トイレのタンクによじ登り、アクロバティックなポーズで水を飲む猫ちゃん,/watch/nw5157849?news_ref=top_large
2,,/watch/nw5157196?news_ref=top_large
3,【絶望】やよい軒、一部店舗で「ご飯おかわり」を有料化へ / 全国の食いしん坊に衝撃が走る,/watch/nw5157196?news_ref=top_large
4,,/watch/nw5158480?news_ref=top_large
5,懐かしの「赤チン」、ついに市販品1社のみに　製造も2020年で禁止　最後の赤チン製薬会社が語る思い,/watch/nw5158480?news_ref=top_large
6,,/watch/nw5160128?news_ref=top_newComments
7,【日常の裏技】交差点を背景にしてスローモーション撮影すると、めちゃくちゃドラマチックになる！,/watch/nw5160128?news_ref=top_newComments
8,,/watch/nw5160122?news_ref=top_newComments
9,レアル、下位に勝てず…カルバハル「これが現状」,/watch/nw5160122?news_ref=top_newComments
10,,/watch/nw5157855?news_ref=top_newComments
11,「セブン-イレブン本部は血も涙もない」店舗乱立で閉店に追い込まれ失踪したコンビニ店オーナー妻が記者会見で訴え,/watch/nw5157855?news_ref=top_newComments
12,,/watch/nw5151281?news_ref=top_newComments
13,「おしぼりで顔を拭く」のはおじさんへの登竜門？　世代で異なる意識差が判明,/watch/nw5151281?news_ref=top_newComments
14,,/watch/nw5159155?news_ref=top_newComments
15,渡哲也 石原軍団解散へ…決断の背景に俳優の高齢化と体調問題,/watch/nw5159155?news_ref=top_newComments
16,,/watch/nw5158704?news_ref=top_70
17,「けもフレ2」テレビ東京がおわび　「社員によるSNSでの発言の中に、視聴者の方々を不快にする、不適切なもの」,/watch/nw5158704?news_ref=top_70
18,,/watch/nw5160107?news_ref=top_70
19,『オーバーウォッチ』新イベント「Storm Rising」海外向けトレイラーがお披露目！,/watch/nw5160107?news_ref=top_70
20,,/watch/nw5151277?news_ref=top_70
21,そういうアニメかよぉ!?　2019春アニメ「RobiHachi」1話が全視聴者ツッコミを入れざるをえない超絶展開,/watch/nw5151277?news_ref=top_70
22,,/watch/nw5146749?news_ref=top_70
23,アニメに登場する喫茶店といえば？ 3位「WUG」喫茶ビジュゥ、2位「ごちうさ」ラビットハウス、1位は…,/watch/nw5146749?news_ref=top_70
24,,/watch/nw5160079?news_ref=top_70
25,Netflixオリジナルアニメシリーズ「エデン」2020年配信！入江泰浩監督が描くSFファンタジー,/watch/nw5160079?news_ref=top_70
26,,/watch/nw5157855?news_ref=top_10
27,「セブン-イレブン本部は血も涙もない」店舗乱立で閉店に追い込まれ失踪したコンビニ店オーナー妻が記者会見で訴え,/watch/nw5157855?news_ref=top_10
28,,/watch/nw5155214?news_ref=top_10
29,はっきり言う。安倍内閣は、おバカの見本市か？／倉山満,/watch/nw5155214?news_ref=top_10
30,,/watch/nw5132172?news_ref=top_10
31,女性専用は「男性差別」だ！ネットでのリアルな声が話題に,/watch/nw5132172?news_ref=top_10
32,,/watch/nw5150851?news_ref=top_10
33,超大型GWでも休めない人たちの嘆き　「自分が下級国民のような気持ちになる」「社長に休みすぎと言われ出社決定」,/watch/nw5150851?news_ref=top_10
34,,/watch/nw5160092?news_ref=top_10
35,関東の週間　来週の火曜は雨　寒の戻りも,/watch/nw5160092?news_ref=top_10
36,,/watch/nw5160120?news_ref=top_20
37,カロッツェリア、サブウーファー「TS-WX400DA」発売へ　コンパクトボディで豊かな重低音,/watch/nw5160120?news_ref=top_20
38,,/watch/nw5159948?news_ref=top_20
39,マツコ、「未婚・少子化対策」に疑問　「みんなが結婚して子ども増やすのが正解なの？ある程度の衰退はしょうがない」に賛同多数,/watch/nw5159948?news_ref=top_20
40,,/watch/nw5160099?news_ref=top_20
41,海外勢が米国債買い越し、4カ月ぶり＝2月対米証券投資,/watch/nw5160099?news_ref=top_20
42,,/watch/nw5160082?news_ref=top_20
43,自衛隊トップ人事で大番狂わせ？海上幕僚長就任確実視された山下元海将、ひっそり勇退の全真相,/watch/nw5160082?news_ref=top_20
44,,/watch/nw5158022?news_ref=top_20
45,「年収が高い都道府県ランキング」　1位は「東京」　最下位と184万円の差,/watch/nw5158022?news_ref=top_20
46,,/watch/nw5156133?news_ref=top_30
47,【狂気】3週間水ダイエットを続けていたイスラエルの女性が重体に,/watch/nw5156133?news_ref=top_30
48,,/watch/nw5159822?news_ref=top_30
49,日本人が「軍票訴訟」の資料を香港の大学に寄贈　「若い世代に役立ててほしい」＝中国メディア,/watch/nw5159822?news_ref=top_30
50,,/watch/nw5157696?news_ref=top_30
51,SNS投稿用「食べ物撮影代行」が話題、1件100円前後,/watch/nw5157696?news_ref=top_30
52,,/watch/nw5160116?news_ref=top_30
53,米国務長官、協議姿勢巡る北朝鮮側の要求を一蹴,/watch/nw5160116?news_ref=top_30
54,,/watch/nw5160057?news_ref=top_30
55,四面楚歌「韓国文政権」精神的なストレスは頂点！ アメリカ・北朝鮮・テロに怯える毎日,/watch/nw5160057?news_ref=top_30
56,,/watch/nw5160122?news_ref=top_40
57,レアル、下位に勝てず…カルバハル「これが現状」,/watch/nw5160122?news_ref=top_40
58,,/watch/nw5160091?news_ref=top_40
59,ウッズ、10歳長男との抱擁の1枚に広がる感動　「今年最高の写真」「泣いたよ！」,/watch/nw5160091?news_ref=top_40
60,,/watch/nw5160085?news_ref=top_40
61,ムバッペ父、過熱する移籍報道への苛立ちを仏紙に吐露　「情けない」「誤報もある」,/watch/nw5160085?news_ref=top_40
62,,/watch/nw5160051?news_ref=top_40
63,なぜトレイラを交代させたのか？アーセナル監督が説明,/watch/nw5160051?news_ref=top_40
64,,/watch/nw5160032?news_ref=top_40
65,【MLB】「史上最高のボールボーイ」懸命にボールを追いかける姿にファンも“ほっこり”,/watch/nw5160032?news_ref=top_40
66,,/watch/nw5158397?news_ref=top_50
67,「令和は明るい時代じゃない」専門家が“お祭りムード”に苦言,/watch/nw5158397?news_ref=top_50
68,,/watch/nw5159155?news_ref=top_50
69,渡哲也 石原軍団解散へ…決断の背景に俳優の高齢化と体調問題,/watch/nw5159155?news_ref=top_50
70,,/watch/nw5160118?news_ref=top_50
71,グリコのポントクック、評判良すぎる理由は「本格さ」と「簡単さ」 プロ料理人の味付けに、素人主婦のポントクックが星3つをゲット!!!,/watch/nw5160118?news_ref=top_50
72,,/watch/nw5160113?news_ref=top_50
73,中国現代芸術家の艾未未、メキシコで集団失踪事件をテーマに個展,/watch/nw5160113?news_ref=top_50
74,,/watch/nw5160110?news_ref=top_50
75,森咲智美の下ネタがセクシーすぎた　「ご立派で…」発言にファン悶々,/watch/nw5160110?news_ref=top_50
76,,/watch/nw5160128?news_ref=top_60
77,【日常の裏技】交差点を背景にしてスローモーション撮影すると、めちゃくちゃドラマチックになる！,/watch/nw5160128?news_ref=top_60
78,,/watch/nw5160121?news_ref=top_60
79,imecと中Jolywood、N型PERT両面太陽電池で変換効率23.2%を達成,/watch/nw5160121?news_ref=top_60
80,,/watch/nw5157196?news_ref=top_60
81,【絶望】やよい軒、一部店舗で「ご飯おかわり」を有料化へ / 全国の食いしん坊に衝撃が走る,/watch/nw5157196?news_ref=top_60
82,,/watch/nw5160105?news_ref=top_60
83,バーガーキング「宇治抹茶パイ」,/watch/nw5160105?news_ref=top_60
84,,/watch/nw5160084?news_ref=top_60
85,「本物よりも食欲がそそられる」　油絵で描かれた目玉焼きがめっちゃおいしそうだと人気,/watch/nw5160084?news_ref=top_60
