,date,name,url
0,2019-04-26,ゴーン被告保釈 検察側は憤り,https://news.yahoo.co.jp/pickup/6321590
1,2019-04-25,ゴーン被告 変装せずスーツ姿,https://news.yahoo.co.jp/pickup/6321582
2,2019-04-25,ゴーン被告、再び保釈,https://news.yahoo.co.jp/pickup/6321576
3,2019-04-25,ゴーン被告処遇 検察「矛盾」,https://news.yahoo.co.jp/pickup/6321558
4,2019-04-25,ゴーン被告 妻との接触禁止,https://news.yahoo.co.jp/pickup/6321533
5,2019-04-25,ゴーン被告 地裁が保釈認める,https://news.yahoo.co.jp/pickup/6321508
6,2019-04-22,ゴーン被告 弁護側が保釈請求,https://news.yahoo.co.jp/pickup/6321197
7,2019-04-22,ゴーン容疑者を追起訴,https://news.yahoo.co.jp/pickup/6321178
8,2019-04-22,ゴーン容疑者を追起訴へ,https://news.yahoo.co.jp/pickup/6321141
9,2019-04-16,ゴーン容疑者 ルノー報酬嫌疑,
10,2019-04-13,ゴーン容疑者の特別抗告棄却,
11,2019-04-13,批判意識か ゴーン氏勾留短縮,
12,2019-04-12,ゴーン容疑者の勾留8日間延長,
13,2019-04-12,ゴーン容疑者の息子 疑惑否定,
14,2019-04-12,ゴーン夫人 不正関与を否定か,
15,2019-04-11,治療中断 ゴーン容疑者側主張,
16,2019-04-11,特別? ゴーン夫人の証人尋問,
17,2019-04-11,「怪物」ゴーン氏生んだ真因,
18,2019-04-10,ゴーン夫人 11日に証人尋問へ,
19,2019-04-10,ゴーン容疑者側が特別抗告,
